label,true_R,g_entry,g_grammar,g_shadow,r_grammar,r_shadow,r_min,stall_g,collapse_g,stall_s,collapse_s
alive,0.068,0.113055,0.015563,0.020802,0.13766,0.184,0.13766,0,0,0,0
stall,-0.1309,0.099379,0.034965,0.002438,0.35183,0.02453,0.02453,0,0,0,0
alive,0.2765,0.113747,0.027953,0.014334,0.24575,0.12602,0.12602,0,0,0,0
alive,0.0878,0.123926,0.010749,0.008648,0.08674,0.06978,0.06978,0,0,1,0
stall,-0.1734,0.105562,0.028428,0.001041,0.2693,0.00986,0.00986,0,0,0,0
collapse,-0.2383,0.173246,0.047373,0.005502,0.27344,0.03176,0.03176,0,1,1,1
collapse,-0.3364,0.184847,0.004921,0.007985,0.02662,0.0432,0.02662,0,1,1,1
alive,0.2344,0.104079,0.018652,0.015268,0.17921,0.1467,0.1467,0,0,0,0
collapse,-0.2114,0.111081,0.12165,0.00492,1.09515,0.0443,0.0443,0,0,0,1
alive,0.0621,0.124632,0.008308,0.014334,0.06666,0.11501,0.06666,0,0,0,0
alive,0.2834,0.091057,0.051517,0.017228,0.56577,0.1892,0.1892,0,0,0,0
stall,-0.1458,0.116842,0.022968,0.002255,0.19657,0.0193,0.0193,0,0,0,0
alive,0.1677,0.112334,0.027225,0.015068,0.24236,0.13414,0.13414,0,0,0,0
collapse,-0.3691,0.223158,0.00516,0.010874,0.02312,0.04873,0.02312,0,0,0,0
alive,0.2532,0.089205,0.085538,0.026361,0.95889,0.29551,0.29551,0,0,0,0
alive,0.2935,0.090689,0.056973,0.011428,0.62822,0.12602,0.12602,0,0,0,0
stall,0.0341,0.144137,0.00222,0.002553,0.0154,0.01771,0.0154,0,0,1,0
stall,-0.0586,0.097413,0.035402,0.000873,0.36342,0.00896,0.00896,0,0,0,0
alive,0.2579,0.093245,0.028494,0.005915,0.30558,0.06343,0.06343,0,0,0,0
alive,0.2448,0.122562,0.004299,0.012553,0.03507,0.10242,0.03507,0,0,0,0
alive,0.0747,0.168442,0.009299,0.018357,0.0552,0.10898,0.0552,0,0,0,0
collapse,-0.3074,0.13108,0.162314,0.004557,1.23828,0.03476,0.03476,0,0,0,1
collapse,-0.3255,0.142935,0.059745,0.002978,0.41799,0.02083,0.02083,0,0,0,0
collapse,-0.311,0.113302,0.156845,0.005561,1.38431,0.04908,0.04908,0,0,0,1
alive,0.1767,0.088806,0.05415,0.004851,0.60975,0.05463,0.05463,0,0,0,0
stall,-0.1339,0.10696,0.027444,0.001018,0.25658,0.00952,0.00952,0,0,0,0
stall,0.0261,0.185382,0.022557,0.001363,0.12168,0.00735,0.00735,0,0,0,0
alive,0.2549,0.093776,0.038892,0.00575,0.41473,0.06132,0.06132,0,0,0,0
collapse,-0.1667,0.159531,0.046593,0.008587,0.29206,0.05383,0.05383,0,0,1,0
collapse,-0.2786,0.119593,0.122613,0.004856,1.02525,0.04061,0.04061,0,0,0,1
alive,0.2648,0.103711,0.047864,0.014529,0.46152,0.14009,0.14009,0,0,0,0
alive,0.2791,0.096674,0.0628,0.015001,0.6496,0.15517,0.15517,0,0,0,0
alive,0.3083,0.147036,0.006359,0.015419,0.04325,0.10487,0.04325,0,0,0,0
collapse,-0.3897,0.087087,0.140015,0.005813,1.60776,0.06675,0.06675,0,0,0,1
stall,-0.1211,0.138954,0.003941,0.002829,0.02836,0.02036,0.02036,0,0,1,0
collapse,-0.0983,0.136381,0.113767,0.006094,0.83419,0.04468,0.04468,0,0,0,1
alive,0.1607,0.178773,0.007328,0.014101,0.04099,0.07888,0.04099,0,0,0,0
alive,0.1866,0.192495,0.005847,0.016287,0.03038,0.08461,0.03038,0,0,0,0
alive,0.2068,0.098324,0.04692,0.017102,0.4772,0.17393,0.17393,0,0,0,0
stall,-0.1257,0.141089,0.017257,0.001746,0.12231,0.01237,0.01237,0,0,0,0
alive,0.1441,0.108234,0.039419,0.016909,0.3642,0.15623,0.15623,0,0,0,0
alive,0.3473,0.151772,0.010731,0.016089,0.0707,0.10601,0.0707,0,0,0,0
stall,-0.1317,0.180603,0.004853,0.001448,0.02687,0.00802,0.00802,0,0,1,0
alive,0.223,0.097651,0.06253,0.013744,0.64034,0.14075,0.14075,0,0,0,0
collapse,-0.3849,0.140046,0.113417,0.008935,0.80985,0.0638,0.0638,0,1,0,1
collapse,-0.1992,0.12935,0.106415,0.008088,0.82269,0.06253,0.06253,0,0,0,1
alive,0.1951,0.147114,0.007382,0.010107,0.05018,0.0687,0.05018,0,0,0,0
collapse,-0.2779,0.119813,0.112176,0.001989,0.93626,0.0166,0.0166,0,0,0,1
alive,0.2293,0.09288,0.05426,0.010335,0.58419,0.11127,0.11127,0,0,0,0
alive,0.3354,0.115284,0.011326,0.005501,0.09824,0.04772,0.04772,0,0,1,0
collapse,-0.1694,0.197521,0.005995,0.002028,0.03035,0.01027,0.01027,0,1,1,1
alive,0.2318,0.105087,0.021325,0.012431,0.20293,0.11829,0.11829,0,0,0,0
stall,-0.039,0.116756,0.020041,0.001288,0.17165,0.01104,0.01104,0,0,1,0
collapse,-0.2609,0.155873,0.049693,0.005055,0.3188,0.03243,0.03243,0,1,1,1
stall,0.0298,0.116477,0.017792,0.001605,0.15275,0.01378,0.01378,0,0,1,0
alive,0.1443,0.127745,0.014195,0.013952,0.11112,0.10922,0.10922,0,0,0,0
stall,-0.1407,0.151785,0.010923,0.00163,0.07196,0.01074,0.01074,0,0,1,0
alive,0.3386,0.109151,0.02479,0.012369,0.22712,0.11332,0.11332,0,0,0,0
stall,-0.0394,0.181205,0.015961,0.000694,0.08808,0.00383,0.00383,0,0,1,0
alive,0.1089,0.173367,0.016495,0.021379,0.09515,0.12332,0.09515,0,0,0,0
alive,0.2326,0.117882,0.02871,0.009267,0.24355,0.07861,0.07861,0,0,0,0
alive,0.2297,0.140503,0.015897,0.003426,0.11314,0.02438,0.02438,0,0,0,0
collapse,-0.2963,0.11448,0.096838,0.004743,0.84589,0.04143,0.04143,0,0,0,1
collapse,-0.1027,0.09944,0.133874,0.008585,1.34628,0.08633,0.08633,0,0,0,1
alive,0.3261,0.142121,0.010276,0.017947,0.07231,0.12628,0.07231,0,0,0,0
stall,-0.1673,0.186002,0.015712,0.001183,0.08447,0.00636,0.00636,0,0,1,0
alive,0.363,0.134462,0.0132,0.011317,0.09817,0.08417,0.08417,0,0,0,0
collapse,-0.2445,0.119505,0.137972,0.006272,1.15453,0.05249,0.05249,0,0,0,1
collapse,-0.1566,0.08484,0.076068,0.10469,0.89661,1.23398,0.89661,0,0,0,1
alive,0.1011,0.144272,0.009182,0.006865,0.06364,0.04758,0.04758,0,0,0,0
stall,-0.059,0.108778,0.022071,0.001082,0.2029,0.00994,0.00994,0,0,1,0
stall,0.0119,0.181335,0.027568,0.001651,0.15203,0.0091,0.0091,0,0,0,0
stall,-0.1334,0.146792,0.004918,0.002925,0.0335,0.01993,0.01993,0,0,1,0
stall,-0.0194,0.136029,0.000996,0.001765,0.00732,0.01298,0.00732,0,0,1,0
collapse,-0.3003,0.13516,0.123769,0.008269,0.91573,0.06118,0.06118,0,0,0,1
alive,0.268,0.182822,0.012239,0.0099,0.06694,0.05415,0.05415,0,0,0,0
stall,-0.0661,0.118414,0.002193,0.001044,0.01852,0.00881,0.00881,0,0,1,0
collapse,-0.3281,0.150776,0.122518,0.00459,0.81258,0.03044,0.03044,0,1,0,1
stall,-0.0506,0.092805,0.052627,0.003281,0.56707,0.03535,0.03535,0,0,0,0
collapse,-0.3295,0.221637,0.004124,0.000985,0.01861,0.00444,0.00444,0,1,1,1
collapse,-0.198,0.100859,0.11816,0.003817,1.17154,0.03784,0.03784,0,0,0,1
collapse,-0.1103,0.160541,0.062738,0.006171,0.39079,0.03844,0.03844,0,1,1,1
alive,0.0827,0.10091,0.044933,0.020136,0.44528,0.19954,0.19954,0,0,0,0
collapse,-0.1859,0.11658,0.120893,0.006313,1.037,0.05415,0.05415,0,0,0,1
collapse,-0.3577,0.092368,0.118732,0.063326,1.28543,0.68558,0.68558,0,0,0,1
alive,0.2427,0.091832,0.080546,0.005286,0.87711,0.05756,0.05756,0,0,0,0
stall,-0.0074,0.123147,0.028819,0.00192,0.23403,0.01559,0.01559,0,0,0,0
alive,0.1209,0.087036,0.074732,0.010654,0.85863,0.12241,0.12241,0,0,0,0
collapse,-0.2621,0.103246,0.116369,0.002836,1.12711,0.02747,0.02747,0,0,0,1
stall,-0.0773,0.153186,0.002178,0.001753,0.01422,0.01144,0.01144,0,0,1,0
alive,0.2755,0.147551,0.009902,0.00493,0.06711,0.03342,0.03342,0,0,0,0
alive,0.0915,0.128611,0.009375,0.018922,0.07289,0.14713,0.07289,0,0,0,0
stall,-0.1054,0.1313,0.001361,0.0041,0.01036,0.03122,0.01036,0,0,1,0
alive,0.1396,0.085425,0.068803,0.010455,0.80542,0.12238,0.12238,0,0,0,0
collapse,-0.2564,0.137338,0.136141,0.007326,0.99129,0.05334,0.05334,0,0,0,1
stall,-0.1187,0.105202,0.021341,0.002521,0.20286,0.02396,0.02396,0,0,1,0
collapse,-0.1046,0.151434,0.062374,0.004423,0.41189,0.02921,0.02921,0,1,1,1
stall,0.0095,0.18971,0.022174,0.002285,0.11688,0.01204,0.01204,0,0,0,0
alive,0.0762,0.10924,0.03409,0.014295,0.31207,0.13086,0.13086,0,0,0,0
alive,0.3275,0.123541,0.008806,0.014288,0.07128,0.11565,0.07128,0,0,0,0
alive,0.3564,0.137171,0.015714,0.011151,0.11456,0.08129,0.08129,0,0,0,0
alive,0.1132,0.0815,0.077227,0.014782,0.94757,0.18137,0.18137,0,0,0,0
stall,-0.133,0.085796,0.055637,0.002954,0.64848,0.03443,0.03443,0,0,0,0
stall,-0.1671,0.18095,0.034207,0.001748,0.18904,0.00966,0.00966,0,0,0,0
stall,0.0368,0.118505,0.015675,0.002661,0.13227,0.02245,0.02245,0,0,1,0
stall,-0.0075,0.113596,0.030975,0.00241,0.27268,0.02121,0.02121,0,0,1,0
stall,-0.0869,0.130902,0.00334,0.002164,0.02551,0.01653,0.01653,0,0,1,0
alive,0.3785,0.113075,0.016643,0.024453,0.14718,0.21626,0.14718,0,0,0,0
alive,0.2899,0.182302,0.01051,0.01098,0.05765,0.06023,0.05765,0,0,0,0
collapse,-0.3051,0.182033,0.007164,0.006203,0.03936,0.03407,0.03407,0,0,1,0
alive,0.2453,0.078634,0.077151,0.014569,0.98114,0.18528,0.18528,0,0,0,0
stall,-0.0154,0.180689,0.015496,0.001454,0.08576,0.00805,0.00805,0,0,1,0
collapse,-0.2131,0.161765,0.115189,0.006624,0.71208,0.04095,0.04095,0,1,0,1
stall,0.0076,0.117477,0.021089,0.002195,0.17952,0.01868,0.01868,0,0,0,0
collapse,-0.0926,0.224898,0.010803,0.007139,0.04803,0.03174,0.03174,0,0,1,0
collapse,-0.3405,0.191838,0.003976,0.008294,0.02073,0.04324,0.02073,0,1,1,1
alive,0.2761,0.111691,0.014115,0.004707,0.12638,0.04214,0.04214,0,0,1,0
collapse,-0.3616,0.140207,0.125309,0.002186,0.89374,0.01559,0.01559,0,0,0,1
alive,0.1388,0.172544,0.020637,0.002383,0.1196,0.01381,0.01381,0,0,0,0
alive,0.2582,0.176548,0.020689,0.00921,0.11719,0.05217,0.05217,0,0,0,0
stall,-0.0516,0.126635,0.006506,0.003171,0.05137,0.02504,0.02504,0,0,0,0
stall,0.0256,0.133973,0.022882,0.001693,0.17079,0.01264,0.01264,0,0,0,0
collapse,-0.1708,0.110108,0.10037,0.010052,0.91156,0.0913,0.0913,0,0,0,1
collapse,-0.2733,0.226459,0.003883,0.004066,0.01715,0.01796,0.01715,0,0,1,0
alive,0.156,0.175009,0.016512,0.02244,0.09435,0.12822,0.09435,0,0,0,0
stall,-0.0146,0.133845,0.002184,0.00263,0.01632,0.01965,0.01632,0,0,1,0
collapse,-0.2533,0.186135,0.006798,0.005816,0.03652,0.03125,0.03125,0,1,1,1
alive,0.3788,0.1449,0.012284,0.02229,0.08478,0.15383,0.08478,0,0,0,0
collapse,-0.3318,0.117043,0.167505,0.005446,1.43114,0.04653,0.04653,0,0,0,1
stall,0.0253,0.10841,0.029069,0.001355,0.26814,0.0125,0.0125,0,0,0,0
alive,0.3414,0.091986,0.042751,0.012604,0.46476,0.13702,0.13702,0,0,0,0
stall,-0.1453,0.10736,0.032765,0.003226,0.30519,0.03005,0.03005,0,0,0,0
alive,0.2851,0.130704,0.011974,0.01219,0.09161,0.09327,0.09161,0,0,0,0
alive,0.3759,0.127507,0.009051,0.005504,0.07098,0.04317,0.04317,0,0,0,0
alive,0.0625,0.116446,0.021403,0.006934,0.1838,0.05954,0.05954,0,0,1,0
alive,0.1558,0.185354,0.01903,0.014316,0.10267,0.07724,0.07724,0,0,0,0
alive,0.3605,0.174134,0.008072,0.002232,0.04635,0.01282,0.01282,0,0,1,0
collapse,-0.3631,0.080631,0.07403,0.110302,0.91813,1.36799,0.91813,0,0,0,1
collapse,-0.223,0.231978,0.005551,0.004675,0.02393,0.02015,0.02015,0,0,1,0
stall,-0.0469,0.182248,0.024265,0.001579,0.13314,0.00866,0.00866,0,0,0,0
alive,0.1252,0.142933,0.019348,0.024401,0.13536,0.17072,0.13536,0,0,0,0
alive,0.1445,0.116287,0.016326,0.010861,0.14039,0.0934,0.0934,0,0,0,0
stall,0.0192,0.176881,0.012433,0.003311,0.07029,0.01872,0.01872,0,0,1,0
alive,0.0895,0.141392,0.011955,0.01556,0.08455,0.11005,0.08455,0,0,0,0
stall,-0.1191,0.153031,0.001117,0.00188,0.0073,0.01228,0.0073,0,0,1,0
collapse,-0.1532,0.161363,0.070314,0.002328,0.43575,0.01443,0.01443,0,1,1,1
alive,0.1438,0.115059,0.024289,0.01183,0.2111,0.10282,0.10282,0,0,0,0
alive,0.2365,0.078594,0.080708,0.012769,1.02689,0.16246,0.16246,0,0,0,0
stall,-0.1779,0.151351,0.003975,0.002433,0.02626,0.01607,0.01607,0,0,1,0
collapse,-0.1174,0.108997,0.135397,0.007067,1.24221,0.06484,0.06484,0,0,0,1
alive,0.2346,0.091351,0.031475,0.009214,0.34455,0.10087,0.10087,0,0,0,0
alive,0.2464,0.15302,0.02183,0.015146,0.14266,0.09898,0.09898,0,0,0,0
collapse,-0.3592,0.176868,0.064831,0.004886,0.36655,0.02763,0.02763,0,1,1,1
stall,0.0178,0.115411,0.03257,0.000645,0.28221,0.00559,0.00559,0,0,0,0
alive,0.3354,0.178544,0.008187,0.006443,0.04586,0.03609,0.03609,0,0,1,0
alive,0.1272,0.089797,0.076819,0.012035,0.85548,0.13403,0.13403,0,0,0,0
collapse,-0.3671,0.149761,0.056382,0.002281,0.37648,0.01523,0.01523,0,1,1,1
alive,0.3429,0.127746,0.006413,0.01168,0.0502,0.09143,0.0502,0,0,0,0
stall,-0.0435,0.099456,0.031668,0.001755,0.31841,0.01765,0.01765,0,0,1,0
collapse,-0.1024,0.132492,0.147719,0.006989,1.11493,0.05275,0.05275,0,0,0,1
alive,0.3724,0.16818,0.020701,0.013174,0.12309,0.07833,0.07833,0,0,0,0
alive,0.3421,0.092322,0.061017,0.016828,0.66092,0.18228,0.18228,0,0,0,0
collapse,-0.1643,0.114501,0.126204,0.004063,1.10222,0.03548,0.03548,0,0,0,1
stall,0.0248,0.187581,0.001517,0.001112,0.00809,0.00593,0.00593,0,0,1,0
alive,0.3365,0.130141,0.018712,0.013164,0.14378,0.10115,0.10115,0,0,0,0
alive,0.1454,0.141592,0.025989,0.015745,0.18355,0.1112,0.1112,0,0,0,0
alive,0.0946,0.137079,0.006943,0.015531,0.05065,0.1133,0.05065,0,0,0,0
alive,0.3347,0.098255,0.026507,0.008175,0.26978,0.08321,0.08321,0,0,1,0
collapse,-0.1387,0.222351,0.007244,0.010546,0.03258,0.04743,0.03258,0,0,0,0
stall,-0.1129,0.119438,0.0286,0.002147,0.23945,0.01798,0.01798,0,0,0,0
alive,0.1328,0.179173,0.011171,0.012296,0.06235,0.06863,0.06235,0,0,0,0
collapse,-0.3382,0.134111,0.067647,0.003072,0.50441,0.02291,0.02291,0,0,0,0
stall,0.0102,0.146818,0.002465,0.003994,0.01679,0.0272,0.01679,0,0,1,0
alive,0.1493,0.121695,0.018834,0.022506,0.15477,0.18494,0.15477,0,0,0,0
alive,0.1879,0.118197,0.01619,0.011862,0.13698,0.10036,0.10036,0,0,0,0
alive,0.2316,0.103928,0.017402,0.002146,0.16745,0.02065,0.02065,0,0,1,0
alive,0.0969,0.11854,0.021874,0.010685,0.18453,0.09014,0.09014,0,0,0,0
alive,0.1171,0.160417,0.018137,0.011632,0.11306,0.07251,0.07251,0,0,0,0
alive,0.1449,0.171354,0.015247,0.015906,0.08898,0.09283,0.08898,0,0,0,0
collapse,-0.2609,0.107663,0.115023,0.009052,1.06836,0.08407,0.08407,0,0,0,1
alive,0.1604,0.172685,0.002619,0.017893,0.01517,0.10361,0.01517,0,0,0,0
alive,0.2237,0.176871,0.015168,0.016266,0.08576,0.09197,0.08576,0,0,0,0
stall,-0.0532,0.121976,0.020534,0.001541,0.16834,0.01263,0.01263,0,0,0,0
stall,-0.0241,0.103323,0.034069,0.00147,0.32973,0.01423,0.01423,0,0,0,0
collapse,-0.1038,0.124042,0.114193,0.006104,0.9206,0.04921,0.04921,0,0,0,1
stall,-0.0217,0.153901,0.01258,0.00149,0.08174,0.00968,0.00968,0,0,0,0
alive,0.2746,0.166182,0.030072,0.017216,0.18096,0.1036,0.1036,0,0,0,0
stall,-0.1646,0.120963,0.028099,0.002591,0.23229,0.02142,0.02142,0,0,0,0
alive,0.1657,0.165486,0.019857,0.01135,0.11999,0.06858,0.06858,0,0,0,0
stall,0.0066,0.163981,0.001621,0.002668,0.00989,0.01627,0.00989,0,0,1,0
alive,0.1561,0.145906,0.02464,0.011469,0.16888,0.0786,0.0786,0,0,0,0
stall,-0.0902,0.186698,0.007229,0.000472,0.03872,0.00253,0.00253,0,0,1,0
stall,-0.115,0.131584,0.022047,0.001829,0.16755,0.0139,0.0139,0,0,0,0
collapse,-0.2655,0.114063,0.135487,0.00828,1.18783,0.07259,0.07259,0,0,0,1
alive,0.2767,0.170347,0.009424,0.023044,0.05532,0.13528,0.05532,0,0,0,0
alive,0.257,0.146839,0.013324,0.010329,0.09074,0.07034,0.07034,0,0,0,0
stall,-0.0595,0.15631,0.011293,0.003328,0.07225,0.02129,0.02129,0,0,1,0
collapse,-0.3082,0.213715,0.004893,0.005058,0.0229,0.02367,0.0229,0,0,1,0
stall,-0.0524,0.132051,0.001971,0.003633,0.01492,0.02751,0.01492,0,0,1,0
alive,0.2088,0.12198,0.009826,0.014636,0.08056,0.11999,0.08056,0,0,0,0
stall,-0.133,0.142013,0.002417,0.00429,0.01702,0.03021,0.01702,0,0,1,0
stall,0.0183,0.129481,0.018371,0.000852,0.14188,0.00658,0.00658,0,0,1,0
alive,0.1143,0.103914,0.04634,0.003068,0.44595,0.02953,0.02953,0,0,0,0
collapse,-0.2351,0.117712,0.100515,0.003017,0.8539,0.02563,0.02563,0,0,0,0
alive,0.1673,0.084549,0.065853,0.00697,0.77887,0.08244,0.08244,0,0,0,0
alive,0.3004,0.08541,0.057539,0.010384,0.67368,0.12158,0.12158,0,0,0,0
alive,0.1319,0.094608,0.043458,0.014232,0.45935,0.15043,0.15043,0,0,0,0
collapse,-0.3922,0.170258,0.047269,0.00356,0.27763,0.02091,0.02091,0,1,1,1
collapse,-0.248,0.093008,0.11563,0.066482,1.24324,0.71481,0.71481,0,0,0,1
alive,0.0833,0.080263,0.061798,0.013386,0.76994,0.16678,0.16678,0,0,0,0
stall,-0.0415,0.132635,0.001838,0.002912,0.01386,0.02195,0.01386,0,0,1,0
collapse,-0.1772,0.221961,0.005853,0.003549,0.02637,0.01599,0.01599,0,0,1,0
stall,-0.1263,0.096173,0.051188,0.003266,0.53226,0.03396,0.03396,0,0,0,0
alive,0.0618,0.104139,0.022766,0.016863,0.21861,0.16193,0.16193,0,0,0,0
alive,0.3064,0.090871,0.063006,0.011476,0.69336,0.12629,0.12629,0,0,0,0
collapse,-0.264,0.109186,0.112256,0.004703,1.02812,0.04307,0.04307,0,0,0,1
collapse,-0.0935,0.17619,0.002689,0.005043,0.01526,0.02862,0.01526,0,0,1,0
stall,-0.169,0.13831,0.011321,0.002079,0.08185,0.01503,0.01503,0,0,1,0
collapse,-0.1285,0.115181,0.102999,0.005269,0.89424,0.04574,0.04574,0,0,0,1
stall,-0.0037,0.136105,0.000115,0.003489,0.00085,0.02563,0.00085,0,0,1,0
alive,0.3761,0.098977,0.06461,0.00777,0.65277,0.0785,0.0785,0,0,0,0
alive,0.364,0.103622,0.033797,0.004886,0.32615,0.04716,0.04716,0,0,0,0
alive,0.256,0.087802,0.063492,0.019083,0.72313,0.21734,0.21734,0,0,0,0
alive,0.2215,0.149796,0.023929,0.01145,0.15975,0.07644,0.07644,0,0,0,0
alive,0.2353,0.086526,0.040269,0.021771,0.4654,0.25161,0.25161,0,0,0,0
alive,0.298,0.105218,0.034834,0.028904,0.33107,0.2747,0.2747,0,0,0,0
stall,-0.123,0.140366,0.012872,0.000959,0.0917,0.00683,0.00683,0,0,1,0
collapse,-0.1959,0.098132,0.103928,0.005825,1.05906,0.05936,0.05936,0,0,0,1
alive,0.2268,0.09429,0.058856,0.011352,0.6242,0.12039,0.12039,0,0,0,0
alive,0.1479,0.119704,0.022237,0.011854,0.18577,0.09903,0.09903,0,0,0,0
collapse,-0.3086,0.149002,0.044064,0.006262,0.29573,0.04203,0.04203,0,0,1,0
stall,-0.1097,0.152984,0.00123,0.003978,0.00804,0.02601,0.00804,0,0,1,0
stall,-0.1496,0.138017,0.006791,0.002814,0.0492,0.02039,0.02039,0,0,1,0
collapse,-0.1779,0.228138,0.007269,0.005405,0.03186,0.02369,0.02369,0,0,1,0
alive,0.0806,0.137515,0.025653,0.021404,0.18655,0.15565,0.15565,0,0,0,0
stall,-0.0606,0.114483,0.00466,0.001831,0.04071,0.016,0.016,0,0,1,0
stall,-0.1345,0.140237,0.015954,0.000539,0.11377,0.00384,0.00384,0,0,0,0
stall,0.0191,0.139542,0.004815,0.003079,0.0345,0.02206,0.02206,0,0,1,0
alive,0.2826,0.088099,0.06172,0.012875,0.70058,0.14614,0.14614,0,0,0,0
alive,0.305,0.1809,0.01604,0.015243,0.08867,0.08426,0.08426,0,0,0,0
stall,-0.1787,0.17688,0.005036,0.001932,0.02847,0.01092,0.01092,0,0,1,0
stall,-0.0142,0.164783,0.042881,0.001466,0.26023,0.0089,0.0089,0,0,0,0
alive,0.3651,0.075225,0.067163,0.023362,0.89284,0.31057,0.31057,0,0,0,0
stall,-0.0155,0.109203,0.027692,0.002448,0.25358,0.02241,0.02241,0,0,0,0
stall,-0.0473,0.153623,0.017604,0.00394,0.11459,0.02565,0.02565,0,0,0,0
collapse,-0.3298,0.185949,0.004822,0.012874,0.02593,0.06923,0.02593,0,0,0,0
stall,-0.1736,0.142848,0.023164,0.001587,0.16216,0.01111,0.01111,0,0,0,0
stall,-0.0306,0.109219,0.006658,0.002066,0.06096,0.01891,0.01891,0,0,1,0
stall,-0.1437,0.117966,0.017987,0.001637,0.15247,0.01388,0.01388,0,0,0,0
stall,-0.1519,0.106872,0.022125,0.003061,0.20702,0.02864,0.02864,0,0,1,0
alive,0.0686,0.099096,0.047591,0.023779,0.48025,0.23996,0.23996,0,0,0,0
stall,-0.0558,0.165135,0.000813,0.000717,0.00492,0.00434,0.00434,0,0,1,0
collapse,-0.1943,0.098337,0.059846,0.115189,0.60858,1.17137,0.60858,0,0,0,1
collapse,-0.2523,0.231568,0.005052,0.004114,0.02182,0.01777,0.01777,0,1,1,1
collapse,-0.2787,0.092225,0.126887,0.007995,1.37584,0.08669,0.08669,0,0,0,1
collapse,-0.2954,0.181221,0.048215,0.006809,0.26606,0.03757,0.03757,0,1,1,1
alive,0.1813,0.165281,0.010024,0.029756,0.06065,0.18003,0.06065,0,0,0,0
alive,0.3262,0.077523,0.067153,0.011591,0.86623,0.14952,0.14952,0,0,0,0
stall,-0.162,0.18338,0.001109,0.00096,0.00605,0.00523,0.00523,0,0,1,0
collapse,-0.2274,0.233788,0.007714,0.001424,0.03299,0.00609,0.00609,0,1,1,1
alive,0.172,0.106329,0.027679,0.011649,0.26031,0.10955,0.10955,0,0,0,0
alive,0.31,0.122156,0.012665,0.013989,0.10368,0.11452,0.10368,0,0,0,0
alive,0.3014,0.14401,0.019556,0.009994,0.1358,0.0694,0.0694,0,0,0,0
alive,0.1238,0.123064,0.015036,0.019186,0.12218,0.1559,0.12218,0,0,0,0
collapse,-0.3512,0.110852,0.1276,0.002909,1.15109,0.02625,0.02625,0,0,0,1
collapse,-0.1858,0.109516,0.160388,0.008004,1.46452,0.07309,0.07309,0,0,0,1
alive,0.1297,0.09085,0.030849,0.015598,0.33955,0.17168,0.17168,0,0,0,0
alive,0.3054,0.096516,0.077207,0.019351,0.79993,0.20049,0.20049,0,0,0,0
collapse,-0.2057,0.102354,0.067438,0.045632,0.65887,0.44582,0.44582,0,0,0,1
alive,0.0967,0.088724,0.058644,0.013346,0.66097,0.15042,0.15042,0,0,0,0
alive,0.3687,0.14961,0.01825,0.01201,0.12198,0.08028,0.08028,0,0,0,0
collapse,-0.3918,0.19855,0.003053,0.005971,0.01538,0.03007,0.01538,0,1,1,1
stall,-0.031,0.124984,0.011077,0.0021,0.08863,0.01681,0.01681,0,0,0,0
alive,0.1869,0.11264,0.012924,0.012665,0.11474,0.11244,0.11244,0,0,0,0
alive,0.0843,0.125371,0.015798,0.014311,0.12601,0.11415,0.11415,0,0,0,0
alive,0.2607,0.183475,0.014578,0.016351,0.07945,0.08912,0.07945,0,0,0,0
collapse,-0.1528,0.153618,0.054265,0.004927,0.35325,0.03208,0.03208,0,0,1,0
alive,0.2521,0.121756,0.008531,0.003965,0.07007,0.03256,0.03256,0,0,0,0
collapse,-0.0852,0.187712,0.006411,0.005584,0.03415,0.02975,0.02975,0,0,1,0
alive,0.1711,0.11713,0.013739,0.026536,0.1173,0.22655,0.1173,0,0,0,0
stall,-0.0985,0.154709,0.023387,0.00048,0.15117,0.0031,0.0031,0,0,0,0
stall,-0.1049,0.133546,0.004843,0.001453,0.03627,0.01088,0.01088,0,0,1,0
alive,0.3231,0.089672,0.063113,0.020737,0.70382,0.23126,0.23126,0,0,0,0
collapse,-0.0925,0.117642,0.160942,0.00148,1.36807,0.01258,0.01258,0,0,0,1
alive,0.3252,0.091977,0.056423,0.008627,0.61344,0.0938,0.0938,0,0,0,0
alive,0.1994,0.120442,0.033355,0.009356,0.27694,0.07768,0.07768,0,0,0,0
alive,0.369,0.152816,0.032902,0.014028,0.2153,0.09179,0.09179,0,0,0,0
stall,-0.0022,0.114697,0.032612,0.003558,0.28433,0.03102,0.03102,0,0,0,0
stall,-0.0736,0.134203,0.001082,0.003023,0.00806,0.02252,0.00806,0,0,1,0
stall,-0.0192,0.13872,0.025659,0.001621,0.18497,0.01168,0.01168,0,0,0,0
stall,0.0074,0.179747,0.011817,0.001631,0.06574,0.00907,0.00907,0,0,1,0
alive,0.0877,0.089384,0.04504,0.018319,0.50389,0.20495,0.20495,0,0,0,0
alive,0.138,0.120463,0.009009,0.020707,0.07479,0.17189,0.07479,0,0,0,0
stall,-0.0457,0.128799,0.007956,0.002477,0.06177,0.01923,0.01923,0,0,1,0
stall,-0.1737,0.145403,0.003282,0.001797,0.02257,0.01236,0.01236,0,0,1,0
alive,0.1182,0.129262,0.004959,0.017154,0.03836,0.13271,0.03836,0,0,0,0
collapse,-0.1447,0.155717,0.0609,0.0067,0.39109,0.04302,0.04302,0,1,1,1
stall,0.0137,0.093096,0.035061,0.002493,0.37661,0.02678,0.02678,0,0,0,0
alive,0.1484,0.097886,0.025565,0.014755,0.26117,0.15073,0.15073,0,0,0,0
collapse,-0.0966,0.137006,0.10546,0.004416,0.76975,0.03223,0.03223,0,0,0,1
collapse,-0.1696,0.148186,0.072666,0.006758,0.49037,0.04561,0.04561,0,1,1,1
stall,-0.0132,0.10727,0.042436,0.002032,0.3956,0.01894,0.01894,0,0,0,0
alive,0.2667,0.106658,0.017705,0.016911,0.166,0.15856,0.15856,0,0,0,0
stall,-0.0056,0.103577,0.03607,0.001187,0.34824,0.01146,0.01146,0,0,0,0
collapse,-0.3291,0.167924,0.010578,0.008326,0.063,0.04958,0.04958,0,0,1,0
alive,0.158,0.148781,0.019922,0.010288,0.1339,0.06915,0.06915,0,0,0,0
alive,0.2114,0.182336,0.012047,0.009502,0.06607,0.05211,0.05211,0,0,0,0
stall,-0.0864,0.17715,0.006894,0.002333,0.03892,0.01317,0.01317,0,0,1,0
alive,0.1659,0.112601,0.019183,0.007546,0.17036,0.06702,0.06702,0,0,0,0
alive,0.1467,0.134361,0.002194,0.008715,0.01633,0.06486,0.01633,0,0,0,0
stall,-0.1535,0.106485,0.00697,0.002427,0.06546,0.02279,0.02279,0,0,1,0
collapse,-0.3617,0.135821,0.061793,0.005659,0.45496,0.04166,0.04166,0,0,0,0
stall,-0.0123,0.138086,0.014044,0.002993,0.10171,0.02167,0.02167,0,0,1,0
collapse,-0.3308,0.118593,0.07863,0.003965,0.66302,0.03344,0.03344,0,0,0,0
stall,-0.0206,0.117367,0.018035,0.002505,0.15366,0.02135,0.02135,0,0,1,0
alive,0.2279,0.143598,0.012469,0.00793,0.08683,0.05523,0.05523,0,0,0,0
stall,-0.1579,0.096054,0.043675,0.000574,0.4547,0.00597,0.00597,0,0,0,0
collapse,-0.3272,0.085985,0.091763,0.045819,1.0672,0.53287,0.53287,0,0,0,1
collapse,-0.3955,0.181569,0.007191,0.009583,0.0396,0.05278,0.0396,0,0,1,0
stall,-0.1197,0.179209,0.018965,0.001604,0.10583,0.00895,0.00895,0,0,0,0
alive,0.2371,0.116211,0.03504,0.01315,0.30152,0.11316,0.11316,0,0,0,0
alive,0.1004,0.139492,0.007223,0.012066,0.05178,0.0865,0.05178,0,0,0,0
alive,0.2171,0.129174,0.023604,0.014167,0.18273,0.10968,0.10968,0,0,0,0
alive,0.2437,0.129347,0.00456,0.016568,0.03526,0.12809,0.03526,0,0,0,0
stall,-0.0831,0.178942,0.008897,0.001772,0.04972,0.0099,0.0099,0,0,1,0
collapse,-0.3836,0.15225,0.060726,0.003411,0.39885,0.02241,0.02241,0,0,1,0
alive,0.2129,0.11805,0.019258,0.015847,0.16313,0.13424,0.13424,0,0,0,0
alive,0.1882,0.180759,0.013018,0.012677,0.07202,0.07013,0.07013,0,0,0,0
collapse,-0.1986,0.180319,0.003071,0.003454,0.01703,0.01915,0.01703,0,0,1,0
collapse,-0.3523,0.127251,0.087723,0.003947,0.68937,0.03102,0.03102,0,0,0,1
alive,0.1572,0.096682,0.051447,0.006808,0.53213,0.07041,0.07041,0,0,0,0
alive,0.0979,0.177382,0.01148,0.013014,0.06472,0.07337,0.06472,0,0,0,0
alive,0.254,0.17775,0.024278,0.013634,0.13658,0.0767,0.0767,0,0,0,0
alive,0.1322,0.146673,0.008514,0.013346,0.05805,0.09099,0.05805,0,0,0,0
stall,-0.0809,0.180139,0.013603,0.002318,0.07551,0.01287,0.01287,0,0,0,0
stall,0.0092,0.135671,0.011684,0.002795,0.08612,0.0206,0.0206,0,0,1,0
alive,0.1577,0.152772,0.015004,0.014903,0.09821,0.09755,0.09755,0,0,0,0
alive,0.2551,0.169261,0.005929,0.016778,0.03503,0.09913,0.03503,0,0,0,0
alive,0.3632,0.113917,0.018998,0.012314,0.16677,0.1081,0.1081,0,0,0,0
collapse,-0.3325,0.118954,0.161546,0.008668,1.35805,0.07287,0.07287,0,0,0,1
alive,0.1103,0.179613,0.015974,0.007506,0.08894,0.04179,0.04179,0,0,0,0
collapse,-0.376,0.191454,0.005795,0.001195,0.03027,0.00624,0.00624,0,1,1,1
collapse,-0.2558,0.08993,0.09354,0.003991,1.04014,0.04438,0.04438,0,0,0,1
alive,0.1532,0.08054,0.055134,0.00781,0.68455,0.09697,0.09697,0,0,0,0
collapse,-0.1738,0.159608,0.06664,0.003538,0.41752,0.02217,0.02217,0,1,1,1
alive,0.2053,0.152032,0.016863,0.015203,0.11092,0.1,0.1,0,0,0,0
alive,0.3557,0.087774,0.083617,0.01342,0.95264,0.15289,0.15289,0,0,0,0
alive,0.26,0.082986,0.074904,0.011598,0.9026,0.13976,0.13976,0,0,0,0
alive,0.3588,0.147273,0.025779,0.009428,0.17504,0.06401,0.06401,0,0,0,0
stall,-0.0602,0.158039,0.001565,0.001813,0.0099,0.01147,0.0099,0,0,1,0
alive,0.3507,0.138159,0.022391,0.024453,0.16207,0.17699,0.16207,0,0,0,0
alive,0.0829,0.166137,0.011807,0.011428,0.07107,0.06878,0.06878,0,0,0,0
collapse,-0.3016,0.119721,0.078346,0.005138,0.65441,0.04292,0.04292,0,0,0,0
alive,0.2421,0.083234,0.071362,0.00295,0.85737,0.03545,0.03545,0,0,0,0
stall,-0.1526,0.115738,0.014434,0.0025,0.12472,0.0216,0.0216,0,0,1,0
alive,0.2839,0.189594,0.011345,0.01086,0.05984,0.05728,0.05728,0,0,0,0
alive,0.2202,0.175412,0.014107,0.01294,0.08042,0.07377,0.07377,0,0,0,0
stall,-0.1623,0.1206,0.028244,0.001383,0.2342,0.01147,0.01147,0,0,0,0
collapse,-0.2618,0.121863,0.075124,0.009331,0.61646,0.07657,0.07657,0,0,0,0
stall,-0.1249,0.120096,0.017247,0.001974,0.14361,0.01644,0.01644,0,0,1,0
collapse,-0.0922,0.112263,0.085103,0.006252,0.75807,0.05569,0.05569,0,0,0,1
alive,0.2441,0.164925,0.01513,0.011377,0.09174,0.06898,0.06898,0,0,0,0
alive,0.3799,0.099601,0.025461,0.013355,0.25563,0.13409,0.13409,0,0,0,0
alive,0.1462,0.118806,0.014848,0.005824,0.12498,0.04902,0.04902,0,0,0,0
collapse,-0.158,0.125937,0.161917,0.002872,1.2857,0.0228,0.0228,0,0,0,1
stall,-0.0367,0.133572,0.004122,0.001787,0.03086,0.01338,0.01338,0,0,1,0
alive,0.1181,0.129095,0.015286,0.011223,0.11841,0.08693,0.08693,0,0,0,0
alive,0.2631,0.193086,0.018068,0.008383,0.09358,0.04342,0.04342,0,0,0,0
stall,-0.1599,0.169681,0.007197,0.000444,0.04241,0.00262,0.00262,0,0,1,0
stall,-0.1067,0.134861,0.001238,0.000527,0.00918,0.00391,0.00391,0,0,1,0
alive,0.3345,0.105793,0.019261,0.008557,0.18206,0.08088,0.08088,0,0,1,0
stall,-0.0274,0.18057,0.002176,0.002566,0.01205,0.01421,0.01205,0,0,1,0
stall,0.0279,0.136134,0.004493,0.003556,0.033,0.02612,0.02612,0,0,1,0
alive,0.236,0.109798,0.013389,0.009081,0.12194,0.08271,0.08271,0,0,1,0
stall,-0.1108,0.109731,0.024873,0.001489,0.22668,0.01357,0.01357,0,0,0,0
stall,0.0334,0.142135,0.004553,0.000471,0.03203,0.00331,0.00331,0,0,1,0
stall,-0.0668,0.13357,0.00674,0.00152,0.05046,0.01138,0.01138,0,0,1,0
alive,0.2705,0.116122,0.016588,0.012985,0.14285,0.11182,0.11182,0,0,0,0
stall,-0.0891,0.136603,0.001568,0.002062,0.01148,0.0151,0.01148,0,0,1,0
collapse,-0.2842,0.196272,0.006429,0.003042,0.03276,0.0155,0.0155,0,0,1,0
alive,0.2601,0.118057,0.010549,0.020116,0.08936,0.1704,0.08936,0,0,0,0
alive,0.1251,0.154142,0.02056,0.017245,0.13339,0.11188,0.11188,0,0,0,0
stall,0.0241,0.115196,0.020337,0.001201,0.17655,0.01042,0.01042,0,0,0,0
stall,-0.0264,0.095459,0.064358,0.001338,0.67419,0.01401,0.01401,0,0,0,0
collapse,-0.0886,0.135915,0.104021,0.004337,0.76534,0.03191,0.03191,0,0,0,1
alive,0.1366,0.098208,0.044442,0.010115,0.45252,0.103,0.103,0,0,0,0
collapse,-0.2237,0.102484,0.087767,0.043658,0.8564,0.426,0.426,0,0,0,1
alive,0.0898,0.095854,0.031149,0.007955,0.32496,0.08299,0.08299,0,0,0,0
alive,0.3521,0.127563,0.01345,0.009104,0.10543,0.07137,0.07137,0,0,1,0
stall,-0.1542,0.165287,0.002422,0.003523,0.01465,0.02131,0.01465,0,0,1,0
alive,0.2195,0.098529,0.040427,0.008776,0.41031,0.08907,0.08907,0,0,0,0
alive,0.2228,0.152483,0.01253,0.017306,0.08217,0.11349,0.08217,0,0,0,0
stall,0.0036,0.149457,0.001599,0.001215,0.0107,0.00813,0.00813,0,0,1,0
alive,0.138,0.100499,0.040391,0.009378,0.4019,0.09331,0.09331,0,0,0,0
alive,0.1827,0.124269,0.014213,0.008785,0.11437,0.0707,0.0707,0,0,0,0
alive,0.2226,0.17627,0.016244,0.017771,0.09215,0.10081,0.09215,0,0,0,0
alive,0.3365,0.172348,0.014686,0.015968,0.08521,0.09265,0.08521,0,0,0,0
stall,-0.0062,0.116206,0.056976,0.000359,0.4903,0.00309,0.00309,0,0,0,0
stall,0.0255,0.127598,0.024266,0.000799,0.19018,0.00627,0.00627,0,0,0,0
stall,0.0005,0.182284,0.009481,0.000626,0.05201,0.00343,0.00343,0,0,1,0
stall,-0.1143,0.111777,0.028573,0.000711,0.25563,0.00636,0.00636,0,0,1,0
alive,0.3796,0.172816,0.008442,0.0165,0.04885,0.09548,0.04885,0,0,0,0
stall,-0.1473,0.18518,0.003848,0.000821,0.02078,0.00444,0.00444,0,0,1,0
stall,-0.1041,0.126331,0.002956,0.003271,0.0234,0.0259,0.0234,0,0,1,0
alive,0.2339,0.086455,0.030011,0.022502,0.34713,0.26028,0.26028,0,0,0,0
stall,-0.1092,0.103298,0.026503,0.000452,0.25657,0.00438,0.00438,0,0,1,0
collapse,-0.1768,0.156003,0.061983,0.00203,0.39732,0.01301,0.01301,0,1,1,1
alive,0.1347,0.173454,0.009653,0.013261,0.05565,0.07645,0.05565,0,0,0,0
alive,0.074,0.129253,0.012138,0.020084,0.09391,0.15539,0.09391,0,0,0,0
alive,0.2857,0.099657,0.031963,0.020101,0.32073,0.2017,0.2017,0,0,0,0
alive,0.1835,0.109842,0.022381,0.014109,0.20376,0.12845,0.12845,0,0,0,0
alive,0.3226,0.102386,0.023646,0.020001,0.23095,0.19535,0.19535,0,0,0,0
alive,0.2185,0.118406,0.009103,0.017368,0.07688,0.14668,0.07688,0,0,0,0
collapse,-0.2393,0.095632,0.115653,0.004161,1.20936,0.04351,0.04351,0,0,0,1
alive,0.3383,0.117149,0.022616,0.01526,0.19305,0.13026,0.13026,0,0,0,0
alive,0.2009,0.171804,0.012704,0.012578,0.07394,0.07321,0.07321,0,0,0,0
stall,-0.0795,0.12021,0.01023,0.003662,0.0851,0.03047,0.03047,0,0,1,0
alive,0.1912,0.090708,0.046086,0.011631,0.50807,0.12823,0.12823,0,0,0,0
alive,0.1094,0.175319,0.011244,0.010567,0.06414,0.06027,0.06027,0,0,0,0
stall,0.0332,0.182654,0.002504,0.002327,0.01371,0.01274,0.01274,0,0,1,0
stall,-0.0276,0.189862,0.00279,0.002627,0.0147,0.01384,0.01384,0,0,1,0
alive,0.3326,0.10286,0.016237,0.018914,0.15786,0.18388,0.15786,0,0,0,0
alive,0.335,0.115779,0.027833,0.021626,0.2404,0.18679,0.18679,0,0,0,0
stall,-0.1103,0.183851,0.001558,0.001384,0.00847,0.00753,0.00753,0,0,1,0
alive,0.303,0.103276,0.028478,0.007068,0.27574,0.06844,0.06844,0,0,0,0
alive,0.0715,0.134796,0.008226,0.028153,0.06103,0.20886,0.06103,0,0,0,0
collapse,-0.198,0.156356,0.09374,0.005381,0.59953,0.03442,0.03442,0,0,0,1
alive,0.3792,0.112821,0.030193,0.010658,0.26762,0.09447,0.09447,0,0,0,0
alive,0.1989,0.124161,0.00861,0.002725,0.06935,0.02195,0.02195,0,0,1,0
collapse,-0.1972,0.117348,0.134899,0.004264,1.14956,0.03633,0.03633,0,0,0,1
alive,0.202,0.096932,0.032387,0.010437,0.33412,0.10767,0.10767,0,0,0,0
alive,0.3491,0.173457,0.032559,0.011062,0.1877,0.06377,0.06377,0,0,0,0
collapse,-0.1452,0.11039,0.105405,0.004452,0.95484,0.04033,0.04033,0,0,0,1
stall,-0.0975,0.110704,0.036711,0.002008,0.33162,0.01813,0.01813,0,0,0,0
collapse,-0.23,0.143356,0.08739,0.003475,0.6096,0.02424,0.02424,0,0,0,1
alive,0.3136,0.141854,0.016461,0.014065,0.11604,0.09915,0.09915,0,0,0,0
collapse,-0.3747,0.226649,0.005394,0.008624,0.0238,0.03805,0.0238,0,0,1,0
alive,0.2583,0.158974,0.013496,0.007355,0.08489,0.04627,0.04627,0,0,0,0
collapse,-0.1079,0.163844,0.056466,0.002641,0.34463,0.01612,0.01612,0,0,1,0
collapse,-0.2524,0.169975,0.007248,0.00539,0.04264,0.03171,0.03171,0,1,1,1
stall,-0.1238,0.129671,0.01744,0.000608,0.13449,0.00469,0.00469,0,0,0,0
collapse,-0.1425,0.126697,0.115226,0.00619,0.90946,0.04885,0.04885,0,0,0,1
alive,0.2768,0.147637,0.015577,0.01164,0.10551,0.07884,0.07884,0,0,0,0
collapse,-0.2586,0.142685,0.06876,0.006565,0.4819,0.04601,0.04601,0,1,1,1
stall,-0.0507,0.082267,0.065237,0.002055,0.79298,0.02498,0.02498,0,0,0,0
alive,0.1958,0.188961,0.012999,0.004295,0.06879,0.02273,0.02273,0,0,1,0
stall,0.006,0.143771,0.004034,0.001098,0.02806,0.00764,0.00764,0,0,1,0
collapse,-0.2769,0.217499,0.008394,0.006829,0.03859,0.0314,0.0314,0,0,1,0
stall,-0.1278,0.11017,0.039195,0.003575,0.35577,0.03245,0.03245,0,0,0,0
alive,0.2439,0.151062,0.01968,0.013508,0.13028,0.08942,0.08942,0,0,0,0
alive,0.1545,0.125297,0.007135,0.016881,0.05695,0.13473,0.05695,0,0,0,0
alive,0.2706,0.08267,0.065188,0.005829,0.78853,0.07051,0.07051,0,0,0,0
stall,-0.0555,0.175278,0.019721,0.000798,0.11251,0.00455,0.00455,0,0,0,0
alive,0.2983,0.094711,0.044359,0.002462,0.46836,0.02599,0.02599,0,0,0,0
collapse,-0.2059,0.191678,0.001317,0.005071,0.00687,0.02646,0.00687,0,1,1,1
stall,0.0189,0.138332,0.009637,0.001713,0.06967,0.01238,0.01238,0,0,1,0
stall,-0.0043,0.128925,0.01126,0.001979,0.08733,0.01535,0.01535,0,0,1,0
alive,0.1727,0.178916,0.016314,0.006933,0.09118,0.03875,0.03875,0,0,0,0
alive,0.2587,0.150312,0.015863,0.010325,0.10554,0.06869,0.06869,0,0,0,0
alive,0.2907,0.088021,0.073813,0.019379,0.83859,0.22017,0.22017,0,0,0,0
alive,0.3283,0.098926,0.029351,0.010663,0.2967,0.10779,0.10779,0,0,0,0
alive,0.3491,0.175125,0.008611,0.011758,0.04917,0.06714,0.04917,0,0,0,0
alive,0.1589,0.142923,0.008722,0.010588,0.06102,0.07408,0.06102,0,0,0,0
stall,-0.0525,0.181677,0.01307,0.001693,0.07194,0.00932,0.00932,0,0,1,0
alive,0.0888,0.152476,0.012149,0.018305,0.07968,0.12005,0.07968,0,0,0,0
stall,-0.0156,0.16174,0.001676,0.001387,0.01036,0.00858,0.00858,0,0,1,0
collapse,-0.3577,0.118499,0.117642,0.004477,0.99277,0.03778,0.03778,0,0,0,1
stall,0.0337,0.137653,0.003103,0.002879,0.02254,0.02091,0.02091,0,0,1,0
stall,0.021,0.147867,0.013561,0.002223,0.09171,0.01503,0.01503,0,0,1,0
alive,0.1422,0.129418,0.022727,0.013567,0.17561,0.10483,0.10483,0,0,0,0
alive,0.2142,0.094443,0.04857,0.011586,0.51428,0.12268,0.12268,0,0,0,0
alive,0.2989,0.131212,0.008565,0.010617,0.06528,0.08091,0.06528,0,0,0,0
stall,-0.1547,0.158271,0.002637,0.00163,0.01666,0.0103,0.0103,0,0,1,0
alive,0.105,0.107503,0.027264,0.003406,0.25361,0.03168,0.03168,0,0,0,0
alive,0.3352,0.090758,0.049081,0.008602,0.54079,0.09478,0.09478,0,0,0,0
alive,0.3736,0.13429,0.015658,0.003203,0.1166,0.02385,0.02385,0,0,0,0
alive,0.3175,0.087687,0.04018,0.015176,0.45822,0.17307,0.17307,0,0,0,0
stall,-0.006,0.104138,0.023466,0.001904,0.22533,0.01828,0.01828,0,0,1,0
collapse,-0.2283,0.134991,0.152728,0.004555,1.1314,0.03374,0.03374,0,0,0,1
stall,-0.032,0.107566,0.03294,0.000712,0.30623,0.00662,0.00662,0,0,0,0
alive,0.2471,0.168661,0.017676,0.014358,0.1048,0.08513,0.08513,0,0,0,0
alive,0.3609,0.086208,0.080228,0.014437,0.93063,0.16747,0.16747,0,0,0,0
collapse,-0.3252,0.127674,0.07608,0.006544,0.5959,0.05125,0.05125,0,0,0,0
collapse,-0.117,0.088021,0.099255,0.055277,1.12764,0.628,0.628,0,0,0,1
alive,0.3529,0.177831,0.013101,0.016934,0.07367,0.09523,0.07367,0,0,0,0
collapse,-0.3798,0.141475,0.113707,0.002421,0.80373,0.01711,0.01711,0,1,0,1
alive,0.351,0.108493,0.02519,0.007935,0.23219,0.07314,0.07314,0,0,1,0
stall,-0.0902,0.125317,0.000773,0.000658,0.00617,0.00525,0.00525,0,0,1,0
collapse,-0.0972,0.089468,0.071625,0.103131,0.80057,1.15271,0.80057,0,0,0,0
stall,-0.0716,0.132835,0.01054,0.001873,0.07935,0.0141,0.0141,0,0,0,0
collapse,-0.1161,0.135182,0.135716,0.004194,1.00395,0.03102,0.03102,0,0,0,1
collapse,-0.2548,0.114331,0.12254,0.005492,1.0718,0.04804,0.04804,0,0,0,1
alive,0.2978,0.085277,0.083175,0.011547,0.97535,0.13541,0.13541,0,0,0,0
alive,0.1941,0.127574,0.037947,0.006728,0.29745,0.05274,0.05274,0,0,0,0
alive,0.1094,0.123206,0.009191,0.014726,0.0746,0.11952,0.0746,0,0,0,0
stall,-0.1582,0.093712,0.042591,0.001745,0.45449,0.01862,0.01862,0,0,0,0
stall,-0.0902,0.109862,0.017484,0.001033,0.15914,0.00941,0.00941,0,0,1,0
alive,0.0705,0.130008,0.011212,0.012976,0.08624,0.09981,0.08624,0,0,0,0
stall,-0.0825,0.175079,0.011232,0.001058,0.06415,0.00604,0.00604,0,0,1,0
alive,0.3337,0.180266,0.010942,0.006859,0.0607,0.03805,0.03805,0,0,0,0
collapse,-0.1806,0.110995,0.104997,0.00409,0.94596,0.03685,0.03685,0,0,0,1
stall,0.0351,0.154465,0.015385,0.001374,0.0996,0.00889,0.00889,0,0,0,0
stall,-0.0924,0.140618,0.002405,0.001297,0.0171,0.00923,0.00923,0,0,1,0
collapse,-0.3609,0.090551,0.115659,0.005167,1.27728,0.05706,0.05706,0,0,0,1
alive,0.2055,0.130276,0.018484,0.009772,0.14189,0.07501,0.07501,0,0,0,0
alive,0.2653,0.081272,0.081242,0.025966,0.99963,0.3195,0.3195,0,0,0,0
alive,0.0668,0.134713,0.016452,0.0125,0.12213,0.09279,0.09279,0,0,0,0
alive,0.1379,0.0845,0.040362,0.011688,0.47766,0.13832,0.13832,0,0,0,0
collapse,-0.2193,0.108943,0.126014,0.006765,1.1567,0.0621,0.0621,0,0,0,1
collapse,-0.1551,0.095288,0.116394,0.004613,1.22151,0.04842,0.04842,0,0,0,1
collapse,-0.3309,0.092596,0.075657,0.10991,0.81707,1.18698,0.81707,0,0,0,1
alive,0.1651,0.1077,0.01905,0.010638,0.17688,0.09877,0.09877,0,0,0,0
collapse,-0.1118,0.142505,0.066615,0.002982,0.46745,0.02093,0.02093,0,1,1,1
collapse,-0.1253,0.15334,0.086753,0.003349,0.56575,0.02184,0.02184,0,0,0,1
collapse,-0.3584,0.135566,0.093855,0.001344,0.69232,0.00991,0.00991,0,0,0,1
stall,-0.1416,0.14394,0.001352,0.003038,0.00939,0.0211,0.00939,0,0,1,0
alive,0.0682,0.092994,0.047792,0.02894,0.51393,0.31121,0.31121,0,0,0,0
collapse,-0.1472,0.193561,0.004299,0.002261,0.02221,0.01168,0.01168,0,1,1,1
collapse,-0.2964,0.220742,0.004355,0.003887,0.01973,0.01761,0.01761,0,0,1,0
collapse,-0.3832,0.207699,0.002318,0.006558,0.01116,0.03158,0.01116,0,0,1,0
alive,0.2283,0.107444,0.024683,0.009675,0.22973,0.09004,0.09004,0,0,0,0
alive,0.2124,0.108901,0.024624,0.021805,0.22611,0.20023,0.20023,0,0,0,0
alive,0.2242,0.107543,0.051838,0.011881,0.48202,0.11048,0.11048,0,0,0,0
collapse,-0.2388,0.137175,0.084699,0.003554,0.61746,0.02591,0.02591,0,0,0,1
alive,0.0739,0.106612,0.03545,0.013363,0.33251,0.12534,0.12534,0,0,0,0
alive,0.3374,0.109565,0.016143,0.015495,0.14733,0.14142,0.14142,0,0,0,0
stall,-0.0792,0.174076,0.012523,0.001004,0.07194,0.00577,0.00577,0,0,1,0
alive,0.0795,0.10756,0.031115,0.008466,0.28929,0.07871,0.07871,0,0,0,0
stall,-0.0916,0.17601,0.009936,0.000988,0.05645,0.00561,0.00561,0,0,1,0
alive,0.2169,0.085677,0.063242,0.009198,0.73815,0.10736,0.10736,0,0,0,0
alive,0.0835,0.11846,0.019411,0.006973,0.16386,0.05886,0.05886,0,0,0,0
collapse,-0.2053,0.129763,0.100215,0.008506,0.77229,0.06555,0.06555,0,0,0,0
collapse,-0.312,0.119471,0.134309,0.004663,1.1242,0.03903,0.03903,0,0,0,1
alive,0.2355,0.092548,0.085004,0.016286,0.91849,0.17597,0.17597,0,0,0,0
stall,0.0388,0.107004,0.003179,0.001457,0.02971,0.01361,0.01361,0,0,1,0
stall,-0.0802,0.116434,0.030277,0.001961,0.26003,0.01684,0.01684,0,0,0,0
alive,0.0917,0.115642,0.02647,0.0113,0.22889,0.09772,0.09772,0,0,0,0
alive,0.3329,0.086884,0.072454,0.013347,0.83392,0.15362,0.15362,0,0,0,0
alive,0.3061,0.190681,0.022246,0.014332,0.11667,0.07516,0.07516,0,0,0,0
alive,0.1288,0.106325,0.015206,0.015548,0.14301,0.14623,0.14301,0,0,0,0
stall,-0.1297,0.152264,0.003228,0.003407,0.0212,0.02237,0.0212,0,0,1,0
stall,-0.0802,0.108751,0.062315,0.001442,0.573,0.01326,0.01326,0,0,0,0
stall,-0.1591,0.126368,0.013054,0.002491,0.1033,0.01971,0.01971,0,0,1,0
stall,-0.0337,0.128476,0.004562,0.002382,0.03551,0.01854,0.01854,0,0,1,0
stall,-0.1464,0.117293,0.017013,0.000933,0.14505,0.00795,0.00795,0,0,1,0
alive,0.0815,0.097387,0.038119,0.004044,0.39141,0.04153,0.04153,0,0,0,0
alive,0.0898,0.13592,0.009983,0.01328,0.07345,0.0977,0.07345,0,0,0,0
collapse,-0.1636,0.108662,0.115587,0.003276,1.06373,0.03015,0.03015,0,0,0,1
alive,0.238,0.139241,0.017327,0.019574,0.12444,0.14058,0.12444,0,0,0,0
alive,0.2397,0.094098,0.040601,0.010662,0.43147,0.11331,0.11331,0,0,0,0
stall,-0.1531,0.147707,0.002509,0.001455,0.01699,0.00985,0.00985,0,0,1,0
stall,-0.0336,0.086782,0.044413,0.000958,0.51178,0.01104,0.01104,0,0,0,0
alive,0.3378,0.088757,0.067996,0.020402,0.7661,0.22987,0.22987,0,0,0,0
alive,0.3699,0.138846,0.009845,0.014626,0.07091,0.10534,0.07091,0,0,0,0
alive,0.1725,0.083997,0.068624,0.011173,0.81699,0.13302,0.13302,0,0,0,0
alive,0.1281,0.097041,0.055431,0.021459,0.57121,0.22113,0.22113,0,0,0,0
alive,0.1318,0.142989,0.017106,0.0157,0.11963,0.1098,0.1098,0,0,0,0
collapse,-0.1295,0.140057,0.082597,0.002321,0.58973,0.01657,0.01657,0,0,0,1
stall,-0.0122,0.151157,0.002271,0.000889,0.01502,0.00588,0.00588,0,0,1,0
alive,0.3183,0.144053,0.007326,0.008825,0.05086,0.06126,0.05086,0,0,0,0
alive,0.3719,0.116816,0.029915,0.013065,0.25609,0.11184,0.11184,0,0,0,0
alive,0.2563,0.178088,0.020289,0.008822,0.11393,0.04954,0.04954,0,0,0,0
alive,0.0684,0.080564,0.063544,0.007296,0.78874,0.09056,0.09056,0,0,0,0
alive,0.3254,0.100535,0.020015,0.006959,0.19909,0.06922,0.06922,0,0,1,0
stall,-0.1403,0.145257,0.026824,0.001596,0.18467,0.01099,0.01099,0,0,0,0
alive,0.1589,0.104038,0.02382,0.01678,0.22895,0.16128,0.16128,0,0,0,0
stall,-0.1787,0.157673,0.008421,0.002571,0.05341,0.01631,0.01631,0,0,1,0
alive,0.2412,0.080932,0.065569,0.019842,0.81017,0.24517,0.24517,0,0,0,0
stall,-0.1488,0.143122,0.009971,0.002019,0.06967,0.0141,0.0141,0,0,1,0
alive,0.0698,0.093967,0.072702,0.016406,0.7737,0.17459,0.17459,0,0,0,0
alive,0.1288,0.086204,0.075906,0.009777,0.88054,0.11341,0.11341,0,0,0,0
stall,-0.105,0.147748,0.017205,0.002239,0.11645,0.01515,0.01515,0,0,1,0
stall,-0.0212,0.105543,0.029337,0.002664,0.27796,0.02524,0.02524,0,0,0,0
alive,0.2416,0.127514,0.025115,0.007471,0.19696,0.05859,0.05859,0,0,0,0
collapse,-0.3832,0.100782,0.078008,0.049271,0.77402,0.48889,0.48889,0,0,0,1
collapse,-0.2023,0.129718,0.124256,0.003283,0.95789,0.02531,0.02531,0,0,0,1
alive,0.1471,0.172488,0.005356,0.019602,0.03105,0.11364,0.03105,0,0,0,0
alive,0.2154,0.121651,0.023617,0.008241,0.19414,0.06774,0.06774,0,0,0,0
stall,-0.1199,0.0886,0.04409,0.002999,0.49762,0.03385,0.03385,0,0,0,0
alive,0.0964,0.115577,0.002824,0.019777,0.02443,0.17111,0.02443,0,0,0,0
stall,-0.1177,0.183964,0.023304,0.000887,0.12668,0.00482,0.00482,0,0,1,0
alive,0.2157,0.188065,0.009022,0.008505,0.04797,0.04523,0.04523,0,0,0,0
alive,0.0745,0.084522,0.058405,0.010247,0.691,0.12123,0.12123,0,0,0,0
stall,-0.0481,0.12121,0.013858,0.00127,0.11433,0.01048,0.01048,0,0,1,0
collapse,-0.3035,0.178465,0.044991,0.004551,0.2521,0.0255,0.0255,0,1,1,1
collapse,-0.3561,0.094982,0.133545,0.002874,1.40601,0.03026,0.03026,0,0,0,1
stall,-0.1078,0.147757,0.011323,0.002125,0.07663,0.01438,0.01438,0,0,1,0
collapse,-0.161,0.124281,0.086801,0.004574,0.69843,0.0368,0.0368,0,0,0,0
collapse,-0.2783,0.226548,0.004406,0.008747,0.01945,0.03861,0.01945,0,1,1,1
alive,0.2201,0.107185,0.036246,0.031622,0.33817,0.29502,0.29502,0,0,0,0
alive,0.318,0.112877,0.026153,0.01601,0.2317,0.14184,0.14184,0,0,0,0
collapse,-0.1242,0.189066,0.003312,0.005627,0.01752,0.02976,0.01752,0,1,1,1
collapse,-0.394,0.095648,0.060316,0.115005,0.6306,1.20237,0.6306,0,0,0,1
alive,0.3359,0.118808,0.024533,0.015328,0.2065,0.12901,0.12901,0,0,0,0
alive,0.2435,0.110314,0.016994,0.016016,0.15405,0.14518,0.14518,0,0,0,0
alive,0.1937,0.157997,0.017632,0.012229,0.1116,0.0774,0.0774,0,0,0,0
collapse,-0.3933,0.098677,0.086962,0.005497,0.88129,0.05571,0.05571,0,0,0,1
stall,-0.0037,0.098653,0.029791,0.00117,0.30198,0.01186,0.01186,0,0,0,0
alive,0.3262,0.136506,0.012267,0.020507,0.08987,0.15023,0.08987,0,0,0,0
alive,0.0882,0.116219,0.004613,0.013418,0.03969,0.11545,0.03969,0,0,0,0
